{
    "avg weighted f1_score of dummy on text": 0.49850744207503084,
    "avg weighted f1_score of svm on text": 0.5159509109080288,
    "avg weighted f1_score of random_forest on text": 0.5627310081838821,
    "avg weighted f1_score of dummy on non-text": 0.49850744207503084,
    "avg weighted f1_score of svm on non-text": 0.498466256884886,
    "avg weighted f1_score of random_forest on non-text": 0.5052918589661262,
    "avg weighted f1_score of dummy on all": 0.49850744207503084,
    "avg weighted f1_score of svm on all": 0.5123551690823106,
    "avg weighted f1_score of random_forest on all": 0.517444412947176
}