{
    "avg weighted f1_score of dummy on text": 0.49599787733099554,
    "avg weighted f1_score of svm on text": 0.5345343334637096,
    "avg weighted f1_score of random_forest on text": 0.5668683370334395,
    "avg weighted f1_score of dummy on non-text": 0.49599787733099554,
    "avg weighted f1_score of svm on non-text": 0.49922354900474575,
    "avg weighted f1_score of random_forest on non-text": 0.5146642658340523,
    "avg weighted f1_score of dummy on all": 0.49599787733099554,
    "avg weighted f1_score of svm on all": 0.5279999778942056,
    "avg weighted f1_score of random_forest on all": 0.5274871559704267
}